date,year,month,day,day_of_year,avg_temp,max_temp,min_temp,is_heatwave,is_tropical_night,type
2021-09-01,2021,9,1,244,21.4,23.9,18.5,False,False,관측치
2021-09-02,2021,9,2,245,23.5,26.7,20.7,False,False,관측치
2021-09-03,2021,9,3,246,24.3,29.2,20.6,False,False,관측치
2021-09-04,2021,9,4,247,23.2,28.6,18.5,False,False,관측치
2021-09-05,2021,9,5,248,23.1,27.3,19.4,False,False,관측치
2021-09-06,2021,9,6,249,22.3,26.4,18.0,False,False,관측치
2021-09-07,2021,9,7,250,19.6,20.9,17.6,False,False,관측치
2021-09-08,2021,9,8,251,22.2,26.9,19.0,False,False,관측치
2021-09-09,2021,9,9,252,23.5,29.1,19.1,False,False,관측치
2021-09-10,2021,9,10,253,23.6,28.9,19.5,False,False,관측치
2021-09-11,2021,9,11,254,24.0,29.4,19.9,False,False,관측치
2021-09-12,2021,9,12,255,24.2,29.8,19.2,False,False,관측치
2021-09-13,2021,9,13,256,24.8,30.3,20.8,False,False,관측치
2021-09-14,2021,9,14,257,24.6,29.5,20.0,False,False,관측치
2021-09-15,2021,9,15,258,23.6,28.9,19.5,False,False,관측치
2021-09-16,2021,9,16,259,22.9,27.3,18.0,False,False,관측치
2021-09-17,2021,9,17,260,23.5,28.2,20.5,False,False,관측치
2021-09-18,2021,9,18,261,23.9,29.8,18.9,False,False,관측치
2021-09-19,2021,9,19,262,23.7,27.8,20.8,False,False,관측치
2021-09-20,2021,9,20,263,23.7,28.4,19.0,False,False,관측치
2021-09-21,2021,9,21,264,22.0,26.2,17.4,False,False,관측치
2021-09-22,2021,9,22,265,20.2,24.3,16.8,False,False,관측치
2021-09-23,2021,9,23,266,20.9,25.9,16.9,False,False,관측치
2021-09-24,2021,9,24,267,21.8,26.9,16.7,False,False,관측치
2021-09-25,2021,9,25,268,21.2,23.1,18.7,False,False,관측치
2021-09-26,2021,9,26,269,22.6,27.3,18.4,False,False,관측치
2021-09-27,2021,9,27,270,21.6,25.0,18.7,False,False,관측치
2021-09-28,2021,9,28,271,21.5,24.4,19.6,False,False,관측치
2021-09-29,2021,9,29,272,20.2,21.4,17.8,False,False,관측치
2021-09-30,2021,9,30,273,20.3,25.9,16.0,False,False,관측치
2022-09-01,2022,9,1,244,24.0,30.4,18.3,False,False,관측치
2022-09-02,2022,9,2,245,24.7,29.8,20.3,False,False,관측치
2022-09-03,2022,9,3,246,24.2,29.2,20.5,False,False,관측치
2022-09-04,2022,9,4,247,22.3,24.0,19.8,False,False,관측치
2022-09-05,2022,9,5,248,19.2,22.7,17.7,False,False,관측치
2022-09-06,2022,9,6,249,21.0,26.3,17.0,False,False,관측치
2022-09-07,2022,9,7,250,22.8,28.1,17.9,False,False,관측치
2022-09-08,2022,9,8,251,23.2,29.5,16.7,False,False,관측치
2022-09-09,2022,9,9,252,24.3,30.8,18.9,False,False,관측치
2022-09-10,2022,9,10,253,23.6,28.4,19.0,False,False,관측치
2022-09-11,2022,9,11,254,23.3,26.4,20.6,False,False,관측치
2022-09-12,2022,9,12,255,23.8,27.5,20.3,False,False,관측치
2022-09-13,2022,9,13,256,24.3,26.4,21.8,False,False,관측치
2022-09-14,2022,9,14,257,24.6,27.9,22.7,False,False,관측치
2022-09-15,2022,9,15,258,25.2,28.3,22.0,False,False,관측치
2022-09-16,2022,9,16,259,25.7,29.9,23.4,False,False,관측치
2022-09-17,2022,9,17,260,25.6,29.4,23.3,False,False,관측치
2022-09-18,2022,9,18,261,27.1,32.5,23.0,False,False,관측치
2022-09-19,2022,9,19,262,24.6,29.6,19.5,False,False,관측치
2022-09-20,2022,9,20,263,19.9,24.6,16.1,False,False,관측치
2022-09-21,2022,9,21,264,19.4,25.6,13.0,False,False,관측치
2022-09-22,2022,9,22,265,19.8,24.7,14.2,False,False,관측치
2022-09-23,2022,9,23,266,17.5,22.2,14.7,False,False,관측치
2022-09-24,2022,9,24,267,18.5,24.2,12.3,False,False,관측치
2022-09-25,2022,9,25,268,19.6,25.2,15.4,False,False,관측치
2022-09-26,2022,9,26,269,20.0,25.4,14.8,False,False,관측치
2022-09-27,2022,9,27,270,20.9,28.0,14.0,False,False,관측치
2022-09-28,2022,9,28,271,20.4,26.1,16.1,False,False,관측치
2022-09-29,2022,9,29,272,20.4,26.5,16.4,False,False,관측치
2022-09-30,2022,9,30,273,20.7,27.7,14.8,False,False,관측치
2023-09-01,2023,9,1,244,24.5,29.6,19.7,False,False,관측치
2023-09-02,2023,9,2,245,25.4,30.8,19.7,False,False,관측치
2023-09-03,2023,9,3,246,25.8,28.8,23.1,False,False,관측치
2023-09-04,2023,9,4,247,27.0,30.2,24.3,False,False,관측치
2023-09-05,2023,9,5,248,28.5,32.8,25.0,False,True,관측치
2023-09-06,2023,9,6,249,27.9,32.1,24.0,False,False,관측치
2023-09-07,2023,9,7,250,26.3,31.6,20.9,False,False,관측치
2023-09-08,2023,9,8,251,25.3,30.5,19.6,False,False,관측치
2023-09-09,2023,9,9,252,25.8,31.2,20.8,False,False,관측치
2023-09-10,2023,9,10,253,25.7,29.6,22.0,False,False,관측치
2023-09-11,2023,9,11,254,25.5,29.8,23.1,False,False,관측치
2023-09-12,2023,9,12,255,25.7,29.8,21.7,False,False,관측치
2023-09-13,2023,9,13,256,22.1,24.6,19.6,False,False,관측치
2023-09-14,2023,9,14,257,23.4,27.2,19.2,False,False,관측치
2023-09-15,2023,9,15,258,22.3,24.3,20.3,False,False,관측치
2023-09-16,2023,9,16,259,23.9,26.6,22.0,False,False,관측치
2023-09-17,2023,9,17,260,24.7,28.0,22.0,False,False,관측치
2023-09-18,2023,9,18,261,24.7,28.9,22.1,False,False,관측치
2023-09-19,2023,9,19,262,24.1,27.2,21.6,False,False,관측치
2023-09-20,2023,9,20,263,20.6,23.9,18.8,False,False,관측치
2023-09-21,2023,9,21,264,20.1,23.6,17.5,False,False,관측치
2023-09-22,2023,9,22,265,20.5,26.7,15.2,False,False,관측치
2023-09-23,2023,9,23,266,21.8,27.6,16.3,False,False,관측치
2023-09-24,2023,9,24,267,21.8,26.2,17.9,False,False,관측치
2023-09-25,2023,9,25,268,21.6,26.0,17.9,False,False,관측치
2023-09-26,2023,9,26,269,19.9,20.8,18.6,False,False,관측치
2023-09-27,2023,9,27,270,21.5,23.7,20.0,False,False,관측치
2023-09-28,2023,9,28,271,22.7,27.3,19.6,False,False,관측치
2023-09-29,2023,9,29,272,21.1,26.9,17.4,False,False,관측치
2023-09-30,2023,9,30,273,19.7,22.2,17.1,False,False,관측치
2024-09-01,2024,9,1,245,27.1,31.6,24.6,False,False,관측치
2024-09-02,2024,9,2,246,24.5,26.9,22.2,False,False,관측치
2024-09-03,2024,9,3,247,27.0,32.0,23.2,False,False,관측치
2024-09-04,2024,9,4,248,27.9,33.3,23.2,True,False,관측치
2024-09-05,2024,9,5,249,26.3,28.8,25.6,False,True,관측치
2024-09-06,2024,9,6,250,24.0,25.7,23.3,False,False,관측치
2024-09-07,2024,9,7,251,26.5,31.3,22.8,False,False,관측치
2024-09-08,2024,9,8,252,27.2,32.8,22.6,False,False,관측치
2024-09-09,2024,9,9,253,28.5,34.1,24.1,True,False,관측치
2024-09-10,2024,9,10,254,29.4,33.9,25.6,True,True,관측치
2024-09-11,2024,9,11,255,29.0,34.6,25.4,True,True,관측치
2024-09-12,2024,9,12,256,25.4,27.1,24.8,False,False,관측치
2024-09-13,2024,9,13,257,25.9,28.0,24.2,False,False,관측치
2024-09-14,2024,9,14,258,28.0,32.2,25.2,False,True,관측치
2024-09-15,2024,9,15,259,27.5,32.4,24.2,False,False,관측치
2024-09-16,2024,9,16,260,26.8,32.2,21.3,False,False,관측치
2024-09-17,2024,9,17,261,28.6,33.2,25.8,True,True,관측치
2024-09-18,2024,9,18,262,29.4,33.6,26.5,True,True,관측치
2024-09-19,2024,9,19,263,29.1,32.6,25.6,False,True,관측치
2024-09-20,2024,9,20,264,25.0,28.6,17.9,False,False,관측치
2024-09-21,2024,9,21,265,19.3,21.9,17.1,False,False,관측치
2024-09-22,2024,9,22,266,21.0,26.7,16.9,False,False,관측치
2024-09-23,2024,9,23,267,20.8,26.1,16.6,False,False,관측치
2024-09-24,2024,9,24,268,21.0,26.9,15.6,False,False,관측치
2024-09-25,2024,9,25,269,23.3,27.3,18.6,False,False,관측치
2024-09-26,2024,9,26,270,23.6,28.0,21.1,False,False,관측치
2024-09-27,2024,9,27,271,22.7,28.0,19.1,False,False,관측치
2024-09-28,2024,9,28,272,23.2,27.9,19.2,False,False,관측치
2024-09-29,2024,9,29,273,23.5,29.0,19.1,False,False,관측치
2024-09-30,2024,9,30,274,23.0,28.5,18.3,False,False,관측치
2025-09-01,2025,9,1,244,26.1,28.2,24.4,False,False,관측치
2025-09-02,2025,9,2,245,26.0,30.6,22.0,False,False,관측치
2025-09-03,2025,9,3,246,27.6,32.1,22.6,False,False,관측치
2025-09-04,2025,9,4,247,25.8,29.8,22.8,False,False,관측치
2025-09-05,2025,9,5,248,27.9,33.0,23.5,True,False,관측치
2025-09-06,2025,9,6,249,26.8,30.4,25.4,False,True,관측치
2025-09-07,2025,9,7,250,25.3,28.3,22.3,False,False,관측치
2025-09-08,2025,9,8,251,24.4,29.5,20.6,False,False,관측치
2025-09-09,2025,9,9,252,23.7,26.9,21.4,False,False,관측치
2025-09-10,2025,9,10,253,24.8,31.5,18.4,False,False,관측치
2025-09-11,2025,9,11,254,25.8,31.7,19.9,False,False,관측치
2025-09-12,2025,9,12,255,23.9,26.3,21.1,False,False,관측치
2025-09-13,2025,9,13,256,23.3,27.6,20.4,False,False,관측치
2025-09-14,2025,9,14,257,24.8,29.3,21.5,False,False,관측치
2025-09-15,2025,9,15,258,25.7,30.7,20.8,False,False,관측치
2025-09-16,2025,9,16,259,23.7,27.1,22.2,False,False,관측치
2025-09-17,2025,9,17,260,22.7,24.0,21.2,False,False,관측치
2025-09-18,2025,9,18,261,22.1,26.0,19.6,False,False,관측치
2025-09-19,2025,9,19,262,19.4,21.4,17.9,False,False,관측치
2025-09-20,2025,9,20,263,20.0,23.6,17.5,False,False,관측치
2025-09-21,2025,9,21,264,21.6,27.3,17.2,False,False,관측치
2025-09-22,2025,9,22,265,21.3,25.1,17.6,False,False,관측치
2025-09-23,2025,9,23,266,22.7,26.8,19.2,False,False,관측치
2025-09-24,2025,9,24,267,22.0,23.7,20.4,False,False,관측치
2025-09-25,2025,9,25,268,22.5,26.4,20.2,False,False,관측치
2025-09-26,2025,9,26,269,21.7,27.1,17.8,False,False,관측치
2025-09-27,2025,9,27,270,22.5,27.2,17.6,False,False,관측치
2025-09-28,2025,9,28,271,20.0,21.9,18.4,False,False,관측치
2025-09-29,2025,9,29,272,19.6,23.9,16.6,False,False,관측치
2025-09-30,2025,9,30,273,19.8,24.0,17.3,False,False,관측치
