date,year,season_day,cycle_index,observed,trend,seasonal,resid
2021-06-01,2021,1,1,20.2,24.750718670922073,-3.7124677323418354,-0.8382509385802379
2021-06-02,2021,2,2,23.2,24.752466114006285,-1.84384772050673,0.291381606500444
2021-06-03,2021,3,3,19.1,24.754206480777103,-5.284827308356298,-0.3693791724208033
2021-06-04,2021,4,4,18.5,24.755939711627324,-5.859952334305521,-0.3959873773218021
2021-06-05,2021,5,5,20.8,24.757665765374597,-3.3759937008777463,-0.5816720644968498
2021-06-06,2021,6,6,23.0,24.75938463093708,-2.8401190849492264,1.0807344540121449
2021-06-07,2021,7,7,21.1,24.761096318140595,-4.009475986439365,0.3483796682987723
2021-06-08,2021,8,8,23.6,24.762800795359748,-2.0676387609982942,0.9048379656385457
2021-06-09,2021,9,9,25.8,24.76449799226663,0.9445755503476847,0.0909264573856845
2021-06-10,2021,10,10,24.9,24.766187793048427,0.13510524711464061,-0.0012930401630697475
2021-06-11,2021,11,11,21.5,24.767870066219768,-2.8625718196961905,-0.4052982465235786
2021-06-12,2021,12,12,24.2,24.76954468240666,-0.49531578758988976,-0.0742288948167733
2021-06-13,2021,13,13,24.8,24.771211530561718,-0.36479136941047147,0.3935798388487548
2021-06-14,2021,14,14,24.8,24.772870502061494,0.0626572521619083,-0.03552775422340204
2021-06-15,2021,15,15,22.5,24.774521470193847,-2.4006006209820487,0.12607915078820042
2021-06-16,2021,16,16,24.3,24.776164302574337,-0.3929890373843481,-0.08317526518998619
2021-06-17,2021,17,17,21.9,24.7777988610125,-2.758888740169636,-0.11891012084286601
2021-06-18,2021,18,18,20.0,24.779425009709545,-3.811281629591019,-0.9681433801185264
2021-06-19,2021,19,19,22.3,24.78104262720941,-2.616273216335377,0.13523058912596753
2021-06-20,2021,20,20,22.9,24.78265162777514,-1.0786852936632172,-0.8039663341119265
2021-06-21,2021,21,21,23.6,24.78425193605079,-1.4105319512782202,0.2262800152274309
2021-06-22,2021,22,22,22.8,24.78584350391072,-1.9852923612522775,-0.0005511426584412504
2021-06-23,2021,23,23,22.4,24.787426280922986,-1.8136465613546497,-0.5737797195683392
2021-06-24,2021,24,24,23.0,24.789000219663297,-1.993566481087562,0.20456626142426515
2021-06-25,2021,25,25,24.1,24.79056529370432,-0.15102866172281915,-0.5395366319814983
2021-06-26,2021,26,26,22.8,24.792121479076602,-1.684989497753913,-0.30713198132268715
2021-06-27,2021,27,27,24.5,24.793668774528975,0.47348784689026563,-0.7671566214192396
2021-06-28,2021,28,28,23.7,24.795207204507406,0.019420416342351563,-1.1146276208497596
2021-06-29,2021,29,29,23.9,24.7967368354257,-0.6988585941694812,-0.19787824125622322
2021-06-30,2021,30,30,24.3,24.79825778100535,-1.0251981881174421,0.5269404071120931
2021-07-01,2021,31,31,26.3,24.799770168866957,1.6884199898640937,-0.18819015873105016
2021-07-02,2021,32,32,27.1,24.80127411172234,2.752950870250895,-0.45422498197323335
2021-07-03,2021,33,33,22.6,24.802769730754623,-2.2650790893226023,0.0623093585679797
2021-07-04,2021,34,34,21.4,24.804257167933738,-3.0640584954071075,-0.3401986725266326
2021-07-05,2021,35,35,23.3,24.80573657250973,-1.6264467536650813,0.12071018115535281
2021-07-06,2021,36,36,25.3,24.807208107399948,0.5707840551671087,-0.07799216256705677
2021-07-07,2021,37,37,26.4,24.80867193717496,2.023807599088705,-0.4324795362636671
2021-07-08,2021,38,38,26.0,24.81012823476005,0.7735633075523498,0.41630845768759883
2021-07-09,2021,39,39,25.5,24.811577188954608,0.7343404047052138,-0.04591759365982284
2021-07-10,2021,40,40,25.9,24.813018980100264,0.9735453852954248,0.11343563460431128
2021-07-11,2021,41,41,25.7,24.814453787904668,1.2832999687678648,-0.39775375667253243
2021-07-12,2021,42,42,28.1,24.81588179450179,2.7466837956392394,0.537434409858971
2021-07-13,2021,43,43,28.8,24.817303193745904,2.638037596653173,1.3446592096009233
2021-07-14,2021,44,44,29.7,24.81871815742797,4.070637442701236,0.8106443998707924
2021-07-15,2021,45,45,29.1,24.820126811352623,3.7871444728392065,0.49272871580817323
2021-07-16,2021,46,46,28.8,24.82152924125542,3.102323514990847,0.876147243753735
2021-07-17,2021,47,47,29.1,24.822925500845,3.6255417660107323,0.6515327331442684
2021-07-18,2021,48,48,29.6,24.82431560378655,4.392768792752929,0.3829156034605212
2021-07-19,2021,49,49,26.4,24.825699528026625,2.317141867629356,-0.742841395655983
2021-07-20,2021,50,50,27.9,24.827077234992306,3.0374884869897807,0.0354342780179131
2021-07-21,2021,51,51,30.5,24.8284487045536,5.7259408464104675,-0.05438955096406772
2021-07-22,2021,52,52,31.2,24.829813919504435,6.169018508959238,0.20116757153632747
2021-07-23,2021,53,53,31.2,24.83117285987827,6.07244309721965,0.29638404290207987
2021-07-24,2021,54,54,31.7,24.832525493152183,6.479567361486749,0.3879071453610692
2021-07-25,2021,55,55,31.5,24.83387176701163,5.40370342791031,1.2624248050780622
2021-07-26,2021,56,56,31.2,24.835211599083816,5.964791575474434,0.3999968254417503
2021-07-27,2021,57,57,31.1,24.836544858616033,6.03726724512451,0.22618789625945723
2021-07-28,2021,58,58,30.4,24.837871381597253,5.395518216956021,0.16661040144672512
2021-07-29,2021,59,59,29.6,24.839190981541797,5.0215838787587845,-0.26077486030057884
2021-07-30,2021,60,60,30.5,24.84050345644757,5.789732241982877,-0.1302356984304467
2021-07-31,2021,61,61,29.8,24.84180860402445,4.157542266720159,0.8006491292553903
2021-08-01,2021,62,62,27.1,24.843106212700132,2.7292520878817412,-0.47235830058187034
2021-08-02,2021,63,63,26.5,24.844396037999317,1.6042033785849894,0.05140058341569187
2021-08-03,2021,64,64,28.0,24.84567783396016,2.886694724990801,0.26762744104904
2021-08-04,2021,65,65,28.9,24.84695134257449,4.127048485347359,-0.073999827921849
2021-08-05,2021,66,66,29.4,24.848216282841413,4.774216522298884,-0.22243280514030062
2021-08-06,2021,67,67,28.1,24.849472362700233,3.721617012575656,-0.4710893752758878
2021-08-07,2021,68,68,28.0,24.850719290591364,3.700000153468283,-0.5507194440596486
2021-08-08,2021,69,69,26.8,24.85195678786337,2.0250613975217164,-0.07701818538508576
2021-08-09,2021,70,70,28.3,24.853184590822238,3.3852928183938897,0.061522590783873454
2021-08-10,2021,71,71,27.7,24.85440243244159,2.724199292559788,0.12139827499862221
2021-08-11,2021,72,72,27.4,24.855610031008098,1.8370025836765007,0.7073873853153998
2021-08-12,2021,73,73,26.8,24.85680707945275,1.8484067287295307,0.09478619181771819
2021-08-13,2021,74,74,26.6,24.857993225656042,1.7104295251551265,0.03157724918883176
2021-08-14,2021,75,75,26.1,24.859168088963294,1.8976245796943274,-0.6567926686576193
2021-08-15,2021,76,76,26.9,24.860331275016136,2.588883595902064,-0.5492148709182025
2021-08-16,2021,77,77,27.3,24.861482405049486,2.1146744212395046,0.3238431737110119
2021-08-17,2021,78,78,25.9,24.862621111644618,0.9128139351589888,0.1245649531963906
2021-08-18,2021,79,79,24.3,24.86374700109804,-0.3308142515175327,-0.23293274958050603
2021-08-19,2021,80,80,26.0,24.86485965520276,1.0169209137078759,0.11821943108936495
2021-08-20,2021,81,81,26.6,24.865958645640262,2.0396118879460725,-0.3055705335863337
2021-08-21,2021,82,82,23.8,24.867043525862112,0.2648278563973305,-1.3318713822594432
2021-08-22,2021,83,83,24.4,24.86811385600215,0.15029794355786208,-0.6184117995600147
2021-08-23,2021,84,84,22.4,24.86916923983225,-2.083324330722124,-0.38584490911012637
2021-08-24,2021,85,85,23.4,24.870209316636615,-1.4143118227141223,-0.05589749392249388
2021-08-25,2021,86,86,25.0,24.871233745023698,0.017183979705527253,0.11158227527077358
2021-08-26,2021,87,87,25.5,24.87224218195744,-0.03029138426488102,0.658049202307442
2021-08-27,2021,88,88,22.4,24.873234260980198,-2.8362883717415546,0.36305411076135385
2021-08-28,2021,89,89,23.6,24.874209560794796,-2.0240147410562916,0.7498051802614967
2021-08-29,2021,90,90,23.7,24.875167601765348,-1.6809896488309206,0.5058220470655712
2021-08-30,2021,91,91,24.2,24.87610782555994,-0.6703979095099364,-0.005709916050005148
2021-08-31,2021,92,92,20.5,24.87702960100948,-4.648765668272809,0.2717360672633298
2021-09-01,2021,93,93,21.4,24.87793224590236,-2.9501543152435983,-0.5277779306587647
2021-09-02,2021,94,94,23.5,24.878815023029528,-0.8758830823437218,-0.502931940685805
2021-09-03,2021,95,95,24.3,24.879677182166873,-0.7815091862790908,0.20183200411221947
2021-09-04,2021,96,96,23.2,24.880517957781397,-1.9899049807303704,0.3093870229489717
2021-09-05,2021,97,97,23.1,24.881336512027694,-1.8021140880715483,0.020777576043855106
2021-09-06,2021,98,98,22.3,24.882131906891438,-3.2298752122469354,0.6477433053554975
2021-09-07,2021,99,99,19.6,24.882903096320923,-4.381917338706532,-0.9009857576143894
2021-09-08,2021,100,100,22.2,24.88364889398516,-2.5091106704755575,-0.1745382235096038
2021-09-09,2021,101,101,23.5,24.884368041166155,-1.003579327762166,-0.38078871340398734
2021-09-10,2021,102,102,23.6,24.885059173469166,-1.2794198520134423,-0.0056393214557211024
2021-09-11,2021,103,103,24.0,24.88572079613216,-1.2365844416322826,0.35086364550012306
2021-09-12,2021,104,104,24.2,24.886351221426757,-0.6560810711855185,-0.03027015024123969
2021-09-13,2021,105,105,24.8,24.88694850101249,-0.132403312858125,0.045454811845633714
2021-09-14,2021,106,106,24.6,24.887510409631183,-0.3082447563996881,0.020734346768506384
2021-09-15,2021,107,107,23.6,24.888034405557146,-0.8247320985388248,-0.46330230701832065
2021-09-16,2021,108,108,22.9,24.888517601805503,-1.6515091788139646,-0.3370084229915413
2021-09-17,2021,109,109,23.5,24.88895677914768,-0.6450516766136345,-0.7439051025340468
2021-09-18,2021,110,110,23.9,24.889348378227904,-0.819544552950513,-0.16980382527739124
2021-09-19,2021,111,111,23.7,24.88968852676545,-0.3823419148534713,-0.8073466119119814
2021-09-20,2021,112,112,23.7,24.88997304889246,-2.0355636800037438,0.845590631111282
2021-09-21,2021,113,113,22.0,24.89019756533715,-3.563840925168765,0.6736433598316154
2021-09-22,2021,114,114,20.2,24.89035749589961,-4.8101770033129565,0.11981950741334302
2021-09-23,2021,115,115,20.9,24.89044829890084,-4.0113962489989525,0.02094795009811179
2021-09-24,2021,116,116,21.8,24.890465948282156,-3.474499363274679,0.38403341499252264
2021-09-25,2021,117,117,21.2,24.890407553245844,-4.38647700200114,0.6960694487552956
2021-09-26,2021,118,118,22.6,24.889340670200582,-3.336334822303352,1.0469941521027728
2021-09-27,2021,119,119,21.6,24.888254579962894,-3.5895504086407137,0.3012958286778229
2021-09-28,2021,120,120,21.5,24.88715261871465,-3.6361298400303115,0.24897722131565914
2021-09-29,2021,121,121,20.2,24.886036797460594,-4.579045648739047,-0.1069911487215478
2021-09-30,2021,122,122,20.3,24.884908502632705,-4.4782951315607376,-0.10661337107196545
2022-06-01,2022,1,123,22.1,24.883768603808363,-3.539614527827292,0.7558459240189315
2022-06-02,2022,2,124,21.5,24.882617432590457,-3.0741488250220907,-0.3084686075683649
2022-06-03,2022,3,125,24.5,24.881454514138756,-4.643901061522354,4.262446547383597
2022-06-04,2022,4,126,25.6,24.880279010981994,-4.9003730111003785,5.620094000118385
2022-06-05,2022,5,127,22.7,24.879090109155065,-3.1923807455209467,1.0132906363658805
2022-06-06,2022,6,128,19.7,24.87788677905923,-3.046531951741024,-2.1313548273182086
2022-06-07,2022,7,129,20.6,24.87666834216997,-3.734749317106869,-0.5419190250631019
2022-06-08,2022,8,130,21.2,24.875435368033727,-2.833764577468582,-0.8416707905651464
2022-06-09,2022,9,131,20.9,24.87418998942917,-0.2731388402301223,-3.701051149199049
2022-06-10,2022,10,132,20.9,24.872935029344628,-0.6719810122806344,-3.3009540170639937
2022-06-11,2022,11,133,24.6,24.87167457356488,-2.6119213306338818,2.3402467570690035
2022-06-12,2022,12,134,24.6,24.87041370365383,-0.8573049710235524,0.5868912673697224
2022-06-13,2022,13,135,23.6,24.86915700054023,-1.0563877274238236,-0.21276927311640392
2022-06-14,2022,14,136,21.5,24.867907763639447,0.05272218345119879,-3.420629947090646
2022-06-15,2022,15,137,17.5,24.866668953907958,-2.185863975899432,-5.180804978008528
2022-06-16,2022,16,138,20.3,24.865442613636144,-0.8801942437975231,-3.6852483698386216
2022-06-17,2022,17,139,22.5,24.864230800092166,-2.1460234473993327,-0.21820735269283276
2022-06-18,2022,18,140,23.3,24.863035651392753,-2.3282083328899894,0.765172681497237
2022-06-19,2022,19,141,23.4,24.8618588571172,-1.128812168354491,-0.3330466887627104
2022-06-20,2022,20,142,25.2,24.860701271327414,-0.7496401706983296,1.0889388993709161
2022-06-21,2022,21,143,26.5,24.859562946434377,-2.6191897278388305,4.259626781404453
2022-06-22,2022,22,144,25.9,24.858443695686084,-2.1006229074496914,3.1421792117636045
2022-06-23,2022,23,145,24.3,24.85734316091128,-1.314739323113494,0.7573961622022125
2022-06-24,2022,24,146,22.6,24.856261114241867,-1.939806749953602,-0.31645436428826557
2022-06-25,2022,25,147,26.0,24.855198240707594,-1.1505178081808074,2.2953195674732143
2022-06-26,2022,26,148,26.5,24.854156389800757,-1.5466952156690628,3.1925388258683043
2022-06-27,2022,27,149,26.8,24.85313736134181,0.42899015121881534,1.5178724874393765
2022-06-28,2022,28,150,26.9,24.852142774697803,0.4660192507477778,1.5818379745544178
2022-06-29,2022,29,151,25.1,24.85117340872166,-0.38425462990225084,0.6330812211805927
2022-06-30,2022,30,152,22.3,24.850229363455018,-0.4918686594087151,-2.058360704046301
2022-07-01,2022,31,153,26.6,24.849310693584464,1.7634681860850416,-0.012778879669504306
2022-07-02,2022,32,154,28.8,24.84841710608649,2.573534115384167,1.3780487785293438
2022-07-03,2022,33,155,29.3,24.847547752344273,-1.6852634492779601,6.1377156969336895
2022-07-04,2022,34,156,29.3,24.84670197346772,-1.624107462541776,6.0774054890740565
2022-07-05,2022,35,157,29.2,24.845878980918222,-0.9383876126858205,5.292508631767596
2022-07-06,2022,36,158,29.5,24.845077875104096,1.308879916779822,3.3460422081160814
2022-07-07,2022,37,159,28.2,24.844296715649463,2.1647564397980403,1.1909468445524958
2022-07-08,2022,38,160,25.8,24.843533627067927,1.1537669566176145,-0.19730058368553927
2022-07-09,2022,39,161,26.9,24.842787400971208,2.0148515359378814,0.042361063090908146
2022-07-10,2022,40,162,29.2,24.84205657695281,1.4992559899448052,2.858687433102382
2022-07-11,2022,41,163,27.0,24.841339626586773,0.5319429060731675,1.6267174673400575
2022-07-12,2022,42,164,26.8,24.84063585378487,2.3111163587870416,-0.35175221257191325
2022-07-13,2022,43,165,25.0,24.839944673321533,1.9078252696440685,-1.7477699429656006
2022-07-14,2022,44,166,25.7,24.83926556179129,1.9061417574947919,-1.045407319286081
2022-07-15,2022,45,167,26.0,24.838596934664793,1.7078683587034376,-0.5464652933682288
2022-07-16,2022,46,168,24.8,24.837936130816026,1.4853589351684258,-1.523295065984449
2022-07-17,2022,47,169,25.5,24.83727985900443,1.9462333014237547,-1.283513160428182
2022-07-18,2022,48,170,26.8,24.836624262636686,2.3173972673966223,-0.3540215300333074
2022-07-19,2022,49,171,27.4,24.83596492583511,1.8966374951706895,0.6673975789941977
2022-07-20,2022,50,172,27.1,24.835297065719782,2.558404266016252,-0.29370133173603463
2022-07-21,2022,51,173,23.2,24.83461613637498,4.928119187833621,-6.5627353242085995
2022-07-22,2022,52,174,25.1,24.833918108028033,4.505624125924391,-4.239542233952424
2022-07-23,2022,53,175,24.8,24.83319941618934,4.107769180964701,-4.140968597154043
2022-07-24,2022,54,176,25.0,24.832456959423535,4.832604112878226,-4.665061072301761
2022-07-25,2022,55,177,27.5,24.831688098896336,4.2549325852070545,-1.5866206841033907
2022-07-26,2022,56,178,28.9,24.830890778953655,4.456640223537017,-0.38753100249067174
2022-07-27,2022,57,179,29.3,24.830064635843538,4.720845008010064,-0.2509096438535998
2022-07-28,2022,58,180,29.7,24.82921029129614,4.9110720571605375,-0.04028234845667811
2022-07-29,2022,59,181,30.7,24.828329024762265,4.951532389265754,0.92013858597198
2022-07-30,2022,60,182,30.9,24.8274223107107,5.338428331132487,0.734149358156813
2022-07-31,2022,61,183,27.2,24.82649094804009,3.7635031131692163,-1.3899940612093076
2022-08-01,2022,62,184,28.6,24.825534937246115,3.3463414041755932,0.4281236585782935
2022-08-02,2022,63,185,26.8,24.824553853642545,2.445390481431098,-0.46994433507364164
2022-08-03,2022,64,186,27.1,24.82354682204762,3.1699788787482794,-0.8935257007958981
2022-08-04,2022,65,187,28.9,24.822513182949255,4.247358446639523,-0.16987162958877988
2022-08-05,2022,66,188,29.4,24.82145268621704,4.555355343568793,0.023191970214167412
2022-08-06,2022,67,189,28.7,24.820365151448478,3.659191847335739,0.2204430012157843
2022-08-07,2022,68,190,28.9,24.81925086558558,3.7871416707626397,0.29360746365177803
2022-08-08,2022,69,191,26.8,24.81811111504147,1.9526727419605814,0.02921614299794939
2022-08-09,2022,70,192,25.1,24.816948400556964,2.913989599639784,-2.630938000196746
2022-08-10,2022,71,193,24.7,24.81576599790072,2.7425359698745964,-2.858301967775315
2022-08-11,2022,72,194,25.0,24.814567872224494,0.8393981287056271,-0.6539660009301222
2022-08-12,2022,73,195,27.0,24.813359118248233,2.4490333581752814,-0.26239247642351415
2022-08-13,2022,74,196,25.8,24.812145971564444,1.3490712447442315,-0.361217216308674
2022-08-14,2022,75,197,27.6,24.810935534815133,2.12913465794752,0.6599298072373472
2022-08-15,2022,76,198,28.1,24.80973562410415,2.7270155955786928,0.56324878031716
2022-08-16,2022,77,199,26.7,24.8085534839938,2.2163582247449343,-0.3249117087387354
2022-08-17,2022,78,200,26.0,24.80739549027116,1.645078445496577,-0.45247393576773476
2022-08-18,2022,79,201,25.6,24.80626678443171,0.9620202209558764,-0.16828700538758312
2022-08-19,2022,80,202,26.0,24.80517124409921,1.8435339261659904,-0.6487051702651989
2022-08-20,2022,81,203,28.2,24.80411228880674,2.731432669148665,0.6644550420445974
2022-08-21,2022,82,204,28.1,24.803094040395674,1.493852097006054,1.8030538625982722
2022-08-22,2022,83,205,26.8,24.802121634195792,1.0536879862433879,0.9441903795608191
2022-08-23,2022,84,206,25.4,24.801200862548242,-0.8077026579834162,1.4065017954351724
2022-08-24,2022,85,207,24.8,24.800338039251063,-0.520695384257663,0.5203573450066017
2022-08-25,2022,86,208,22.2,24.799540272016753,0.621420625617102,-3.220960897633855
2022-08-26,2022,87,209,23.8,24.798815430032775,0.35965707663008506,-1.35847250666286
2022-08-27,2022,88,210,21.5,24.798172046297246,-1.7817065334839755,-1.5164655128132694
2022-08-28,2022,89,211,22.6,24.79761825498513,-1.0140298884616545,-1.1835883665234768
2022-08-29,2022,90,212,21.0,24.797162233646564,-0.8076229160766686,-2.9895393175698963
2022-08-30,2022,91,213,19.1,24.79681237962545,0.10315793594682765,-5.799970315572278
2022-08-31,2022,92,214,21.7,24.796576638599745,-2.916847528917543,-0.1797291096822029
2022-09-01,2022,93,215,24.0,24.796462454319823,-1.8280030200711657,1.0315405657513423
2022-09-02,2022,94,216,24.7,24.79647735299267,-0.7465032590948791,0.6500259061022078
2022-09-03,2022,95,217,24.2,24.796628178339816,-0.3214119438448084,-0.27521623449500865
2022-09-04,2022,96,218,22.3,24.796921371278835,-0.9274718420083757,-1.5694495292704573
2022-09-05,2022,97,219,19.2,24.797362226633485,-1.1023903225174394,-4.494971904116046
2022-09-06,2022,98,220,21.0,24.797955012808963,-2.8407959883156817,-0.9571590244932793
2022-09-07,2022,99,221,22.8,24.79870353418376,-2.6580223502433724,0.6593188160596135
2022-09-08,2022,100,222,23.2,24.799611159318054,-1.5916284598052406,-0.007982699512815827
2022-09-09,2022,101,223,24.3,24.80068083822252,-0.7344573378296647,0.23377649960714564
2022-09-10,2022,102,224,23.6,24.801915404746918,-0.9196117104269802,-0.2823036943199355
2022-09-11,2022,103,225,23.3,24.803317143651977,-0.8129844656759467,-0.6903326779760306
2022-09-12,2022,104,226,23.8,24.804887900282264,-0.6965918756182335,-0.30829602466403117
2022-09-13,2022,105,227,24.3,24.806628214247002,-0.5004874831170839,-0.006140731129917754
2022-09-14,2022,106,228,24.6,24.808537502177973,-0.5616556758529403,0.353118173674968
2022-09-15,2022,107,229,25.2,24.81061463107908,-0.22637249408285237,0.6157578630037719
2022-09-16,2022,108,230,25.7,24.81285889260842,-1.4024548653117876,2.289595972703367
2022-09-17,2022,109,231,25.6,24.815270162120107,-0.8276885965741351,1.6124184344540282
2022-09-18,2022,110,232,27.1,24.817848356299834,-1.1762513404476322,3.4584029841477992
2022-09-19,2022,111,233,24.6,24.820593118196598,-1.1977748032893936,0.9771816850927983
2022-09-20,2022,112,234,19.9,24.823504212863327,-3.5715346630331597,-1.3519695498301694
2022-09-21,2022,113,235,19.4,24.826580994012893,-4.603142175630781,-0.8234388183821153
2022-09-22,2022,114,236,19.8,24.829822547028783,-4.9880779457742035,-0.04174460125457813
2022-09-23,2022,115,237,17.5,24.833227778126943,-4.170080563133516,-3.163147214993426
2022-09-24,2022,116,238,18.5,24.836795345425443,-3.950911048798951,-2.385884296626493
2022-09-25,2022,117,239,19.6,24.84052394904323,-4.215196794218009,-1.02532715482522
2022-09-26,2022,118,240,20.0,24.8444128883537,-3.739050430472303,-1.1053624578813945
2022-09-27,2022,119,241,20.9,24.84846248070812,-3.752479436406773,-0.1959830443013466
2022-09-28,2022,120,242,20.4,24.852672973869183,-3.6690881695189645,-0.7835848043502196
2022-09-29,2022,121,243,20.4,24.857044081735957,-4.6036917714719365,0.1466476897359783
2022-09-30,2022,122,244,20.7,24.86157526296672,-4.6989120638398925,0.5373368008731703
2023-06-01,2023,1,245,22.8,24.866266488724854,-3.4584431278734575,1.3921766391486052
2023-06-02,2023,2,246,20.4,24.87111712212466,-4.26436634167967,-0.20675078044499173
2023-06-03,2023,3,247,22.0,24.876125361848498,-4.017060464755402,1.140935102906905
2023-06-04,2023,4,248,22.1,24.881287782461268,-3.985207440657906,1.2039196581966394
2023-06-05,2023,5,249,21.5,24.886599818300063,-3.065053991330383,-0.3215458269696789
2023-06-06,2023,6,250,20.3,24.892056572834775,-3.285027381748108,-1.3070291910866665
2023-06-07,2023,7,251,21.4,24.897653211699428,-3.468571815814428,-0.029081395885000916
2023-06-08,2023,8,252,20.4,24.903384622357354,-3.197833647277819,-1.3055509750795373
2023-06-09,2023,9,253,23.3,24.909244860543474,-1.480957359778693,-0.12828750076478102
2023-06-10,2023,10,254,23.2,24.915227468530134,-1.518359011308964,-0.1968684572211714
2023-06-11,2023,11,255,22.1,24.921326032551278,-2.3901121665785037,-0.4312138659727722
2023-06-12,2023,12,256,22.2,24.92753447463158,-1.1430903719586705,-1.5844441026729115
2023-06-13,2023,13,257,22.0,24.933847476799034,-1.6308579414400857,-1.3029895353589502
2023-06-14,2023,14,258,20.6,24.940260889258873,0.03480954932802813,-4.375070438586899
2023-06-15,2023,15,259,22.7,24.946770899931852,-1.9696913641558111,-0.2770795357760427
2023-06-16,2023,16,260,23.7,24.953373794847366,-1.386277403605255,0.1329036087578892
2023-06-17,2023,17,261,24.2,24.96006518454743,-1.6170086134943524,0.85694342894692
2023-06-18,2023,18,262,25.9,24.966840905656916,-0.9620187409295458,1.8951778352726265
2023-06-19,2023,19,263,28.5,24.973697513644154,0.275691432123895,3.2506110542319497
2023-06-20,2023,20,264,24.7,24.980631562217688,-0.6592766087450246,0.37864504652733544
2023-06-21,2023,21,265,20.5,24.98764002754412,-3.717855884946273,-0.769784142597846
2023-06-22,2023,22,266,22.5,24.994719932509124,-2.2276281161436193,-0.26709181636550383
2023-06-23,2023,23,267,24.4,25.001868766770922,-0.8362725295384933,0.23440376276757036
2023-06-24,2023,24,268,26.4,25.00908513855431,-1.890948622323631,3.281863483769321
2023-06-25,2023,25,269,28.2,25.016368363645586,-2.0649188701497794,5.248550506504191
2023-06-26,2023,26,270,24.2,25.023717673602892,-1.4462447426616645,0.6225270690587728
2023-06-27,2023,27,271,25.3,25.03113300287793,0.37179644426089914,-0.1029294471388269
2023-06-28,2023,28,272,26.5,25.038614823930548,0.8817754675430657,0.5796097085263874
2023-06-29,2023,29,273,24.2,25.0461634038311,-0.028514914695475697,-0.8176484891356246
2023-06-30,2023,30,274,25.3,25.053778834839335,0.07186602463537241,0.174355140525293
2023-07-01,2023,31,275,27.7,25.06146062350138,1.7969372006271966,0.8416021758714223
2023-07-02,2023,32,276,26.7,25.0692078835613,2.4477789165722745,-0.8169868001335772
2023-07-03,2023,33,277,29.1,25.07702054340211,-1.0975604222993707,5.120539878897262
2023-07-04,2023,34,278,26.1,25.084899536040172,-0.1795380370318066,1.194638500991637
2023-07-05,2023,35,279,24.5,25.092846362026474,-0.19213890476965412,-0.40070745725682144
2023-07-06,2023,36,280,27.3,25.10086253509418,2.003475626750806,0.19566183815501503
2023-07-07,2023,37,281,26.7,25.108950331058253,2.3527547706005287,-0.7617051016587837
2023-07-08,2023,38,282,25.6,25.117111922198973,1.8500869335449321,-1.3671988557439043
2023-07-09,2023,39,283,24.7,25.125348325265964,3.2753645307383765,-3.7007128560043405
2023-07-10,2023,40,284,26.3,25.13365989031653,2.1765379918777588,-1.0101978821942872
2023-07-11,2023,41,285,23.5,25.14204615705748,-0.16368140470747095,-1.4783647523500072
2023-07-12,2023,42,286,25.8,25.15050606182521,2.2334991070215704,-1.5840051688467796
2023-07-13,2023,43,287,25.2,25.159038189434053,1.1815011092747512,-1.1405392987088057
2023-07-14,2023,44,288,24.6,25.16764149045816,-0.002858399723116185,-0.5647830907350411
2023-07-15,2023,45,289,24.5,25.17631595841156,-0.16791410152784297,-0.5084018568837188
2023-07-16,2023,46,290,24.6,25.185062150899224,-0.09273467154297729,-0.4923274793562449
2023-07-17,2023,47,291,25.5,25.193880690208186,0.2390157465512466,0.06710356324056832
2023-07-18,2023,48,292,25.2,25.202772108501367,0.3366621341438294,-0.33943424264519706
2023-07-19,2023,49,293,27.2,25.21173688753567,1.3551396061755299,0.633123506288797
2023-07-20,2023,50,294,27.9,25.220775150607395,2.058540672609357,0.6206841767832465
2023-07-21,2023,51,295,29.5,25.229886368333965,4.11230501726404,0.15780861440199345
2023-07-22,2023,52,296,27.7,25.239069561182816,2.9196181436127886,-0.4586877047956044
2023-07-23,2023,53,297,25.2,25.248323697255135,2.183967889763046,-2.2322915870181816
2023-07-24,2023,54,298,26.9,25.257648490219285,3.1940562100113494,-1.551704700230637
2023-07-25,2023,55,299,27.8,25.267044518017283,3.219645174821458,-0.6866896928387405
2023-07-26,2023,56,300,27.6,25.27651245639787,3.031451116324419,-0.7079635727222886
2023-07-27,2023,57,301,28.4,25.286052657799758,3.444105322830804,-0.33015798063056323
2023-07-28,2023,58,302,29.5,25.29566519015483,4.570255602454503,-0.3659207926093302
2023-07-29,2023,59,303,29.1,25.305349589028847,5.022438863357693,-1.2277884523865374
2023-07-30,2023,60,304,28.8,25.315104111789616,5.105181575217166,-1.6202856870067812
2023-07-31,2023,61,305,28.7,25.324926095532415,3.4059540252691476,-0.030880120801562327
2023-08-01,2023,62,306,29.9,25.33481237943005,3.925368311805744,0.6398193087642028
2023-08-02,2023,63,307,29.7,25.34475959386999,3.2412048558089173,1.1140355503210913
2023-08-03,2023,64,308,29.5,25.354764909850903,3.366519508216583,0.7787155819325129
2023-08-04,2023,65,309,30.0,25.364825549486994,4.229004754374413,0.40616969613859055
2023-08-05,2023,66,310,30.3,25.374937554164532,4.279196980758104,0.6458654650773639
2023-08-06,2023,67,311,29.8,25.385096224813577,3.4794113356413336,0.9354924395450901
2023-08-07,2023,68,312,30.4,25.395296231422385,3.774823637255954,1.2298801313216607
2023-08-08,2023,69,313,30.9,25.40553123442039,1.8357788368019399,3.658689928777669
2023-08-09,2023,70,314,28.3,25.415793904815455,2.3210462040562745,0.5631598911282722
2023-08-10,2023,71,315,22.2,25.426076867367097,2.6779269974185422,-5.90400386478564
2023-08-11,2023,72,316,23.5,25.436373679897837,0.2215242417706404,-2.1578979216684786
2023-08-12,2023,73,317,23.3,25.44667877531514,2.9631618558356676,-5.1098406311508064
2023-08-13,2023,74,318,27.0,25.456986685730662,0.861733147514126,0.6812801667552115
2023-08-14,2023,75,319,28.1,25.467292139499783,2.116237611033468,0.5164702494667495
2023-08-15,2023,76,320,28.6,25.477589745037346,2.78670999659703,0.3357002583656268
2023-08-16,2023,77,321,27.3,25.487875167571758,2.327895466371317,-0.5157706339430739
2023-08-17,2023,78,322,28.2,25.49814587174403,2.3059929671722927,0.3958611610836762
2023-08-18,2023,79,323,29.1,25.50840119577948,2.144671486373003,1.4469273178475177
2023-08-19,2023,80,324,29.1,25.518641916832333,2.5843328569281123,0.997025226239554
2023-08-20,2023,81,325,28.3,25.528870076021878,3.403459999105609,-0.6323300751274878
2023-08-21,2023,82,326,29.5,25.53908788448865,2.704784990180147,1.2561271253312007
2023-08-22,2023,83,327,27.6,25.54929746529974,1.9548296377097696,0.09587289699048895
2023-08-23,2023,84,328,24.8,25.55950037084065,0.5418583976423171,-1.3013587684829666
2023-08-24,2023,85,329,25.1,25.56969786850526,0.4797941270542576,-0.9494919955595158
2023-08-25,2023,86,330,26.5,25.57989110553474,1.2148445668701915,-0.2947356724049328
2023-08-26,2023,87,331,26.4,25.590080883760475,0.7180401669740708,0.09187894926545326
2023-08-27,2023,88,332,26.1,25.600268000998582,-0.8178892811405861,1.3176212801420064
2023-08-28,2023,89,333,22.7,25.61045404094239,-0.047116336863995134,-2.863337704078397
2023-08-29,2023,90,334,23.9,25.62063995422945,0.011280649210405797,-1.7319206034398569
2023-08-30,2023,91,335,22.8,25.630825750350983,0.8692128430031969,-3.7000385933541793
2023-08-31,2023,92,336,23.9,25.641010479214895,-1.154236267558789,-0.5867742116561061
2023-09-01,2023,93,337,24.5,25.651191983460656,-0.7175267740783525,-0.4336652093823048
2023-09-02,2023,94,338,25.4,25.661367573250274,-0.6248702866938589,0.36350271344358376
2023-09-03,2023,95,339,25.8,25.671534991559952,0.1549124403405788,-0.026447431900528784
2023-09-04,2023,96,340,27.0,25.681692060939955,-0.00667196521872246,1.3249799042787664
2023-09-05,2023,97,341,28.5,25.691837077153416,-0.41052401063551613,3.2186869334821004
2023-09-06,2023,98,342,27.9,25.701968363035068,-2.386357134750385,4.5843887717153144
2023-09-07,2023,99,343,26.3,25.71208368908618,-1.0629220917332214,1.6508384026470395
2023-09-08,2023,100,344,25.3,25.722180808785826,-0.7974667063571473,0.3752858975713238
2023-09-09,2023,101,345,25.8,25.732257580574483,-0.7008417099009115,0.7685841293264275
2023-09-10,2023,102,346,25.7,25.742311172861076,-0.68751341871754,0.6452022458564635
2023-09-11,2023,103,347,25.5,25.752338707156586,-0.4089557928344062,0.1566170856778193
2023-09-12,2023,104,348,25.7,25.76233817232956,-0.8091904359532555,0.7468522636236941
2023-09-13,2023,105,349,22.1,25.772307469631045,-0.8921613970833632,-2.78014607254768
2023-09-14,2023,106,350,23.4,25.78224385005417,-0.7233815608540626,-1.6588622892001084
2023-09-15,2023,107,351,22.3,25.792145568972085,0.334871479920408,-3.8270170488924933
2023-09-16,2023,108,352,23.9,25.80201186123195,-1.1424190034366897,-0.759592857795262
2023-09-17,2023,109,353,24.7,25.811842332486595,-1.1408821666001903,0.029039834113593344
2023-09-18,2023,110,354,24.7,25.82163723642176,-1.6210700923372074,0.49943285591544395
2023-09-19,2023,111,355,24.1,25.831397290039867,-2.281810971763767,0.5504136817239029
2023-09-20,2023,112,356,20.6,25.84112275043483,-4.889616621711674,-0.35150612872315534
2023-09-21,2023,113,357,20.1,25.850813732028122,-5.4762502795059085,-0.27456345252221226
2023-09-22,2023,114,358,20.5,25.860470442387847,-5.12547790890306,-0.23499253348478533
2023-09-23,2023,115,359,21.8,25.87009323430318,-4.310617924530465,0.24052469022728573
2023-09-24,2023,116,360,21.8,25.879682627790242,-4.447284084204294,0.36760145641405373
2023-09-25,2023,117,361,21.6,25.889239138527977,-4.041506915515881,-0.2477322230120933
2023-09-26,2023,118,362,19.9,25.898763483879986,-4.103574694889548,-1.8951887889904384
2023-09-27,2023,119,363,21.5,25.90825686020607,-3.866724122907473,-0.5415327372985956
2023-09-28,2023,120,364,22.7,25.91772035798667,-3.8044871186636993,0.5867667606770262
2023-09-29,2023,121,365,21.1,25.927154412340148,-4.696918980420961,-0.13023543191918563
2023-09-30,2023,122,366,19.7,25.936558798407216,-4.887091198091963,-1.3494676003152541
2024-06-01,2024,1,367,20.7,25.945931895114654,-3.729051838139885,-1.5168800569747702
2024-06-02,2024,2,368,20.4,25.955270767162773,-5.066210991682728,-0.4890597754800474
2024-06-03,2024,3,369,22.2,25.964572757011975,-4.270435551828243,0.5058627948162666
2024-06-04,2024,4,370,22.8,25.973835526341787,-4.221213588308665,1.047378061966878
2024-06-05,2024,5,371,23.6,25.98305655698702,-3.5544814526325443,1.1714248956455258
2024-06-06,2024,6,372,24.1,25.992233758369153,-2.796603023321033,0.9043692649518817
2024-06-07,2024,7,373,23.1,26.001365419520194,-3.0548874093556773,0.15352198983548604
2024-06-08,2024,8,374,20.3,26.010449631139817,-2.4540645673643984,-3.2563850637754186
2024-06-09,2024,9,375,22.9,26.019483641755773,-2.2042670592661513,-0.9152165824896237
2024-06-10,2024,10,376,24.7,26.02846418232496,-2.742572585305905,1.4141084029809434
2024-06-11,2024,11,377,25.4,26.037386719939523,-2.7708224832548374,2.133435763315312
2024-06-12,2024,12,378,24.8,26.046245296726514,-1.1956604817230858,-0.05058481500342893
2024-06-13,2024,13,379,26.4,26.055033420778333,-1.9602691819487024,2.305235761170369
2024-06-14,2024,14,380,26.3,26.063744859580094,-0.1777164410733804,0.4139715814932856
2024-06-15,2024,15,381,24.2,26.072373547150324,-1.3086822789809605,-0.5636912681693644
2024-06-16,2024,16,382,24.3,26.080914013784277,-2.1674794498364363,0.3865654360521589
2024-06-17,2024,17,383,24.8,26.089360905037328,-1.3874218545548862,0.09806094951755995
2024-06-18,2024,18,384,26.0,26.097708109631196,-0.4989062467144356,0.4011981370832416
2024-06-19,2024,19,385,28.8,26.105949230605688,1.3471642326756226,1.3468865367186886
2024-06-20,2024,20,386,29.4,26.114078241402982,-1.315321710805766,4.601243469402782
2024-06-21,2024,21,387,28.1,26.122089282547616,-4.183091890283452,6.161002607735835
2024-06-22,2024,22,388,24.2,26.129976995038316,-2.470942285265001,0.5409652902266835
2024-06-23,2024,23,389,25.1,26.137736731831083,-0.5820578217911829,-0.45567891003990013
2024-06-24,2024,24,390,24.3,26.14536419188021,-1.6640678725229907,-0.1812963193572159
2024-06-25,2024,25,391,22.9,26.152854808754757,-3.535902122722599,0.2830473139678418
2024-06-26,2024,26,392,24.9,26.160204029847684,-2.219035735580926,0.958831705733239
2024-06-27,2024,27,393,26.3,26.167407642475844,-0.2641368012684048,0.3967291587925601
2024-06-28,2024,28,394,26.6,26.174461459241826,0.5525087494541064,-0.1269702086959299
2024-06-29,2024,29,395,26.7,26.18136227348169,0.34775498851245357,0.17088273800585796
2024-06-30,2024,30,396,23.5,26.18810823965812,1.0010552229763199,-3.68916346263444
2024-07-01,2024,31,397,26.3,26.19469847768106,1.9005543751796834,-1.7952528528607452
2024-07-02,2024,32,398,23.2,26.201133118728297,2.3230052205200993,-5.324138339248396
2024-07-03,2024,33,399,24.7,26.20741250666152,0.04531517804636526,-1.552727684707886
2024-07-04,2024,34,400,26.8,26.213536696453414,0.6458909644711691,-0.059427660924580294
2024-07-05,2024,35,401,23.4,26.219506448034444,0.901214036878341,-3.7207204849127855
2024-07-06,2024,36,402,25.1,26.22532280483061,2.5017419817007305,-3.627064786531342
2024-07-07,2024,37,403,24.4,26.230986928382777,2.5456595475472246,-4.376646475930002
2024-07-08,2024,38,404,23.8,26.236500054294073,3.305211515142009,-5.741711569436081
2024-07-09,2024,39,405,24.5,26.241863727705027,4.498067261238822,-6.239930988943851
2024-07-10,2024,40,406,26.6,26.247079901878013,3.4795858015459795,-3.126665703423992
2024-07-11,2024,41,407,25.7,26.252151101439154,-0.9950959992790414,0.44294489783988666
2024-07-12,2024,42,408,25.6,26.257079828506708,3.0039960421370835,-3.6610758706437885
2024-07-13,2024,43,409,28.1,26.26186881782422,1.274779874867146,0.5633513073086363
2024-07-14,2024,44,410,28.4,26.266520977550694,-1.1113013590117262,3.2447803814610303
2024-07-15,2024,45,411,28.4,26.271040145629957,-1.4683494916694022,3.597309346039445
2024-07-16,2024,46,412,27.0,26.275431394925572,-1.3395977810421578,2.064166386116586
2024-07-17,2024,47,413,25.4,26.27970041840015,-1.2247087713583784,0.34500835295822796
2024-07-18,2024,48,414,24.3,26.283853106603303,-0.9906130013511956,-0.9932401052521058
2024-07-19,2024,49,415,27.0,26.287895569998124,-0.012882119046653803,0.7249865490485305
2024-07-20,2024,50,416,27.2,26.291833626524696,1.6740701232476838,-0.7659037497723808
2024-07-21,2024,51,417,26.5,26.295672299485656,3.2439995336605545,-3.039671833146212
2024-07-22,2024,52,418,26.6,26.299416037641148,2.25669597923231,-1.9561120168734583
2024-07-23,2024,53,419,26.4,26.303068736032372,1.4764720150485515,-1.379540751080924
2024-07-24,2024,54,420,28.1,26.30663331896094,2.698802591473737,-0.9054359104346759
2024-07-25,2024,55,421,28.8,26.31011148665223,3.489228053218761,-0.9993395398709879
2024-07-26,2024,56,422,28.7,26.313504002352488,1.929086988211769,0.45740900943574303
2024-07-27,2024,57,423,28.9,26.316810585691467,2.3405461353998986,0.24264327890863413
2024-07-28,2024,58,424,29.2,26.320030806818924,4.921532898532104,-2.0415637053510274
2024-07-29,2024,59,425,27.4,26.323164605316716,5.350658667167115,-4.273823272483831
2024-07-30,2024,60,426,28.6,26.326212825752282,5.371021844814163,-3.0972346705664435
2024-07-31,2024,61,427,29.4,26.329177063992184,3.79499344825836,-0.7241705122505451
2024-08-01,2024,62,428,29.9,26.332059588372317,4.3369796613528155,-0.7690392497251324
2024-08-02,2024,63,429,29.6,26.3348635333799,4.098123490401314,-0.8329870237812109
2024-08-03,2024,64,430,30.2,26.337592799547377,3.351906830178245,0.5105003702743787
2024-08-04,2024,65,431,31.8,26.34025161515983,3.579908371457838,1.879840013382335
2024-08-05,2024,66,432,30.0,26.342844273713172,3.7642497564135184,-0.10709403012669227
2024-08-06,2024,67,433,29.5,26.345374615205145,2.6488618220294704,0.5057635627653845
2024-08-07,2024,68,434,29.6,26.34784560417628,3.208819124369269,0.043335271454452595
2024-08-08,2024,69,435,28.5,26.350260053716283,1.436335073911292,0.7134048723724256
2024-08-09,2024,70,436,29.3,26.35262087036955,1.1009480600735335,1.8464310695569175
2024-08-10,2024,71,437,30.0,26.35493075621591,2.331606459129324,1.3134627846547637
2024-08-11,2024,72,438,30.8,26.357191406015634,0.4734168983850372,3.969391695599331
2024-08-12,2024,73,439,31.1,26.35940290502203,3.0966342665320084,1.6439628284459644
2024-08-13,2024,74,440,31.3,26.361564915534657,0.09692512294468589,4.841509961520657
2024-08-14,2024,75,441,30.0,26.363677459788963,1.1553662407601712,2.4809562994508667
2024-08-15,2024,76,442,29.2,26.36574093686221,2.261771723780133,0.5724873393576573
2024-08-16,2024,77,443,29.8,26.36775509287494,2.4564086313702727,0.9758362757547872
2024-08-17,2024,78,444,29.8,26.369719871744525,2.6864090974158095,0.7438710308396672
2024-08-18,2024,79,445,29.5,26.371634932816892,2.8490194375105222,0.27934562967258714
2024-08-19,2024,80,446,29.7,26.373498981941133,3.0981613832362096,0.22833963482265673
2024-08-20,2024,81,447,31.4,26.37530931557307,3.690009901368524,1.3346807830584062
2024-08-21,2024,82,448,28.4,26.37706223891634,3.2344047119164325,-1.2114669508327758
2024-08-22,2024,83,449,28.6,26.378753530478356,2.6369684192165597,-0.4157219496949125
2024-08-23,2024,84,450,28.4,26.38037965410319,1.8665496116827869,0.1530707342140225
2024-08-24,2024,85,451,27.6,26.38193712126249,1.9493688132587146,-0.7313059345212025
2024-08-25,2024,86,452,28.5,26.383421449259792,1.9744917829153619,0.1420867678248463
2024-08-26,2024,87,453,28.1,26.38482805201504,1.3127040744431566,0.4024678735418057
2024-08-27,2024,88,454,26.5,26.38615140286378,0.13719021468995052,-0.023341617553732874
2024-08-28,2024,89,455,28.2,26.387384913107997,1.2494640035620053,0.5631510833299984
2024-08-29,2024,90,456,28.4,26.388521880285673,1.4508461189490065,0.5606320007653203
2024-08-30,2024,91,457,28.0,26.38955543833863,1.6707309750290187,-0.06028641336764906
2024-08-31,2024,92,458,27.6,26.39047949312215,0.765929925537306,0.4435905813405441
2024-09-01,2024,93,459,27.1,26.391288904087908,-0.03398830876128324,0.7426994046733775
2024-09-02,2024,94,460,24.5,26.39197920107731,-0.48632694645343716,-1.4056522546238703
2024-09-03,2024,95,461,27.0,26.392546890610017,0.8475577660117938,-0.2401046566218099
2024-09-04,2024,96,462,27.9,26.392989173211095,0.4938967965775476,1.013114030211355
2024-09-05,2024,97,463,26.3,26.39330408823898,0.5651954973852505,-0.6584995856242308
2024-09-06,2024,98,464,24.0,26.393490411791742,-1.1107581579789192,-1.2827322538128243
2024-09-07,2024,99,465,26.5,26.39354755733012,-0.3658025790472761,0.4722550217171566
2024-09-08,2024,100,466,27.2,26.39347592988128,-0.634077324343785,1.4406013944625045
2024-09-09,2024,101,467,28.5,26.393276233145453,-1.2586299799675689,3.365353746822116
2024-09-10,2024,102,468,29.4,26.392948988533394,-0.737355438058328,3.7444064495249307
2024-09-11,2024,103,469,29.0,26.39249529966706,-0.060936697697125945,2.6684413980300654
2024-09-12,2024,104,470,25.4,26.39191578010604,-1.160961615532805,0.16904583542676477
2024-09-13,2024,105,471,25.9,26.391211319702318,-1.4727890784042295,0.9815777587019099
2024-09-14,2024,106,472,28.0,26.390383822020798,-0.8163833444382524,2.425999522417456
2024-09-15,2024,107,473,27.5,26.389435553295975,0.3965733761542122,0.7139910705498131
2024-09-16,2024,108,474,26.8,26.388368198209875,-1.3476359500541746,1.7592677518443018
2024-09-17,2024,109,475,28.6,26.387182868260005,-2.02679807019443,4.239615201934427
2024-09-18,2024,110,476,29.4,26.3858802739092,-2.501364869761536,5.515484595852332
2024-09-19,2024,111,477,29.1,26.384461296397564,-4.164039219156455,6.8795779227588945
2024-09-20,2024,112,478,25.0,26.382927102751996,-5.416544896194372,4.033617793442378
2024-09-21,2024,113,479,19.3,26.381278484755057,-5.335118082979034,-1.7461604017760237
2024-09-22,2024,114,480,21.0,26.37951551948659,-4.972659501440365,-0.4068560180462235
2024-09-23,2024,115,481,20.8,26.377637732154838,-4.019502400573641,-1.558135331581198
2024-09-24,2024,116,482,21.0,26.37564489852491,-4.378200428886282,-0.99744446963863
2024-09-25,2024,117,483,23.3,26.37353666984379,-3.5573710279606146,0.4838343581168232
2024-09-26,2024,118,484,23.6,26.37131170592059,-3.9760698083703208,1.2047581024497305
2024-09-27,2024,119,485,22.7,26.368967299878623,-3.654154114318255,-0.014813185560367259
2024-09-28,2024,120,486,23.2,26.366499894183278,-4.304582983869614,1.1380830896863365
2024-09-29,2024,121,487,23.5,26.36390641212785,-5.15909220519576,2.295185793067912
2024-09-30,2024,122,488,23.0,26.3611847166116,-5.228484783482157,1.867300066870559
2025-06-01,2025,1,489,22.6,26.358333813859815,-4.12819766976842,0.36986385590860493
2025-06-02,2025,2,490,21.0,26.355353457518646,-5.826371557972432,0.47101810045378656
2025-06-03,2025,3,491,20.9,26.352243322889187,-4.867690308847433,-0.5845530140417559
2025-06-04,2025,4,492,20.5,26.349003064044545,-4.864050772360404,-0.9849522916841416
2025-06-05,2025,5,493,21.7,26.34563182694782,-4.078720446730837,-0.5669113802169825
2025-06-06,2025,6,494,24.1,26.342129350547296,-2.1051361475689383,-0.13699320297835627
2025-06-07,2025,7,495,23.7,26.336438510105136,-2.6163740602155823,-0.020064449889556357
2025-06-08,2025,8,496,25.1,26.330676337680465,-1.699592766866027,0.46891642918556187
2025-06-09,2025,9,497,24.2,26.32485037794123,-2.779278402568616,0.6544280246273821
2025-06-10,2025,10,498,21.7,26.318968377649348,-4.0400412423910215,-0.5789271352583256
2025-06-11,2025,11,499,22.7,26.313037700926515,-3.1813393542425192,-0.4316983466839943
2025-06-12,2025,12,500,25.5,26.30706512781434,-1.1838195009140182,0.3767543730996792
2025-06-13,2025,13,501,24.0,26.301056681103727,-2.2042998888761796,-0.09675679222754852
2025-06-14,2025,14,502,25.6,26.295017501293202,-0.47013447281195214,-0.22488302848124775
2025-06-15,2025,15,503,26.3,26.288951915970966,-0.49256987187521983,0.5036179559042537
2025-06-16,2025,16,504,23.0,26.282863519368163,-3.040457789031649,-0.24240573033651458
2025-06-17,2025,17,505,24.8,26.276755213644865,-1.2217736941951505,-0.25498151944971426
2025-06-18,2025,18,506,25.5,26.270629363021055,-0.1851590658695642,-0.5854702971514918
2025-06-19,2025,19,507,28.1,26.264487907320184,2.479526785661645,-0.6440146929818269
2025-06-20,2025,20,508,24.1,26.258332466684735,-2.0066070521623827,-0.15172541452234967
2025-06-21,2025,21,509,22.0,26.252164405060206,-4.528927065402378,0.2767626603421718
2025-06-22,2025,22,510,23.3,26.245984837392495,-2.7284760271764394,-0.2175088102160565
2025-06-23,2025,23,511,26.1,26.239794645773014,-0.38044952661411124,0.24065488084109887
2025-06-24,2025,24,512,25.0,26.233594546431053,-1.4245690050932456,0.1909744586621933
2025-06-25,2025,25,513,20.9,26.22738509948809,-5.13597427083562,-0.19141082865247228
2025-06-26,2025,26,514,22.2,26.2211667421078,-3.2742019848096877,-0.7469647572981124
2025-06-27,2025,27,515,25.0,26.21493985035781,-0.9791607553070306,-0.235779095050777
2025-06-28,2025,28,516,26.2,26.208704787094852,0.07303889885099696,-0.08174368594584891
2025-06-29,2025,29,517,27.1,26.202461884269454,0.7598555303800492,0.13768258535049682
2025-06-30,2025,30,518,28.2,26.196211429641707,1.9641911614791692,0.039597408879124885
2025-07-01,2025,31,519,28.6,26.18995366023195,1.929741234671493,0.48030510509655855
2025-07-02,2025,32,520,28.6,26.1836887669515,2.1861210082858635,0.23019022476263729
2025-07-03,2025,33,521,28.3,26.17741688112934,1.312273867780951,0.8103092510897092
2025-07-04,2025,34,522,27.2,26.17113808329895,1.2116015121917547,-0.1827395954907054
2025-07-05,2025,35,523,28.4,26.16485239810883,2.06123149360139,0.17391610828977733
2025-07-06,2025,36,524,29.1,26.15855984122177,2.964886221197782,-0.023446062419548497
2025-07-07,2025,37,525,29.1,26.152260416567106,2.725729547197921,0.22201003623497328
2025-07-08,2025,38,526,31.3,26.145954120717565,4.743884238130235,0.4101616411522002
2025-07-09,2025,39,527,31.9,26.139640931269515,5.7205362138467954,0.03982285488368831
2025-07-10,2025,40,528,31.4,26.133320801332186,4.880786631846506,0.38589256682130824
2025-07-11,2025,41,529,30.2,26.126993674099918,-1.7302183178967219,5.803224643796803
2025-07-12,2025,42,530,30.3,26.12065947641254,3.753809571473621,0.4255309521138386
2025-07-13,2025,43,531,27.7,26.114318129794075,1.5634426297235438,0.02223924048238146
2025-07-14,2025,44,532,24.2,26.107969540392293,-2.1834332158070997,0.2754636754148052
2025-07-15,2025,45,533,23.6,26.10161361115789,-2.7576032436989335,0.2559896325410449
2025-07-16,2025,46,534,23.3,26.09525023528107,-2.4808534274752785,-0.3143968078057924
2025-07-17,2025,47,535,23.3,26.08887930156814,-2.6487388644620524,-0.14014043710608703
2025-07-18,2025,48,536,24.7,26.082500718472453,-2.2618356360041156,0.8793349175316614
2025-07-19,2025,49,537,23.9,26.076114400945038,-1.4921190919615634,-0.6839953089834765
2025-07-20,2025,50,538,27.7,26.069720243658843,1.2578394218492364,0.3724403344919196
2025-07-21,2025,51,539,28.5,26.063318162344466,2.350022295337166,0.08665954231836892
2025-07-22,2025,52,540,28.8,26.056908067483608,1.798467552103631,0.9446243804127619
2025-07-23,2025,53,541,28.9,26.050489858375336,1.174398428443227,1.6751117131814368
2025-07-24,2025,54,542,29.8,26.044063395400933,2.6433191310759887,1.1126174735230805
2025-07-25,2025,55,543,31.1,26.03762848935041,3.9800063622757964,1.0823651483737962
2025-07-26,2025,56,544,32.3,26.031184906785967,0.990569636065146,5.278245457148884
2025-07-27,2025,57,545,32.8,26.0247323833699,1.3219632854469743,5.453304331183123
2025-07-28,2025,58,546,32.2,26.01827066096438,5.259306704601616,0.9224226344340067
2025-07-29,2025,59,547,32.0,26.011799488020188,5.659682373713584,0.32851813826622944
2025-07-30,2025,60,548,32.1,26.005318592902178,5.594726592738706,0.4999548143591177
2025-07-31,2025,61,549,30.9,25.998827694042202,4.28284424987881,0.6183280560789868
2025-08-01,2025,62,550,31.0,25.992326498148593,4.678186010200949,0.32948749165045754
2025-08-02,2025,63,551,31.2,25.985814697723736,4.900545843597208,0.31363945867905585
2025-08-03,2025,64,552,28.8,25.979291980651453,3.293663167618234,-0.472955148269687
2025-08-04,2025,65,553,28.1,25.97275804067388,2.9345760418719165,-0.8073340825457969
2025-08-05,2025,66,554,29.1,25.966212608625735,3.189878371687052,-0.05609098031278492
2025-08-06,2025,67,555,27.1,25.959655461350206,1.719296441360205,-0.5789519027104078
2025-08-07,2025,68,556,28.2,25.953086401680668,2.5324389751791894,-0.2855253768598587
2025-08-08,2025,69,557,26.6,25.946505266963452,1.045351444920439,-0.3918567118838894
2025-08-09,2025,70,558,24.9,25.93991192311802,-0.23529727572787737,-0.8046146473901459
2025-08-10,2025,71,559,27.3,25.93330626786358,1.9481957989786816,-0.5815020668422584
2025-08-11,2025,72,560,27.0,25.92668824128821,0.6933341145905338,0.37997764412125434
2025-08-12,2025,73,561,28.6,25.92005781241467,3.3071708698199216,-0.6272286822345876
2025-08-13,2025,74,562,25.1,25.91341495121368,-0.666085300151905,-0.1473296510617743
2025-08-14,2025,75,563,25.5,25.906759651675753,0.18018302062756003,-0.5869426723033122
2025-08-15,2025,76,564,27.1,25.900091927287548,1.6590791050758917,-0.4591710323634395
2025-08-16,2025,77,565,28.2,25.893411820496556,2.6329272346357655,-0.32633905513232264
2025-08-17,2025,78,566,28.4,25.886719400415938,3.038130563360733,-0.5248499637766706
2025-08-18,2025,79,567,28.9,25.880014758180675,3.462791439215648,-0.442806197396326
2025-08-19,2025,80,568,29.1,25.873298011355864,3.5522566790345804,-0.3255546903904438
2025-08-20,2025,81,569,29.4,25.866569301210806,3.990187101599792,-0.4567564028105977
2025-08-21,2025,82,570,29.8,25.859828788534834,3.5807815431413332,0.359389668323832
2025-08-22,2025,83,571,29.4,25.853076649168532,3.2687638957803062,0.2781594550511599
2025-08-23,2025,84,572,29.3,25.846313045144992,3.233443835413773,0.22024311944123554
2025-08-24,2025,85,573,30.2,25.839538120894165,3.474236249356822,0.8862256297490134
2025-08-25,2025,86,574,28.7,25.83275200105637,2.7963949939089967,0.07085300503463188
2025-08-26,2025,87,575,27.6,25.82595477670217,1.9400220751346653,-0.16597685183683097
2025-08-27,2025,88,576,26.7,25.819146530251654,1.0346335143668646,-0.15378004461851802
2025-08-28,2025,89,577,28.3,25.81232735159465,2.629795429788403,-0.14212278138305123
2025-08-29,2025,90,578,29.0,25.805497339682347,3.140930998228461,0.0535716620891904
2025-08-30,2025,91,579,28.4,25.798656599828448,2.484008061085381,0.11733533908617133
2025-08-31,2025,92,580,28.5,25.79180523499348,2.7342111104305613,-0.026016345424039855
2025-09-01,2025,93,581,26.1,25.78494334270721,0.6200663373195134,-0.30500968002672124
2025-09-02,2025,94,582,26.0,25.778071023093883,-0.4144809758893105,0.6364099527954288
2025-09-03,2025,95,583,27.6,25.771188382255204,1.555746483259637,0.27306513448516156
2025-09-04,2025,96,584,25.8,25.7642955014935,0.9100742586269731,-0.874369760120473
2025-09-05,2025,97,585,27.9,25.757392452523117,1.6442426588147587,0.4983648886621239
2025-09-06,2025,98,586,26.8,25.750479330926808,0.1684189683480917,0.8811017007251003
2025-09-07,2025,99,587,25.3,25.743556211357912,0.17906638984428894,-0.6226226012021989
2025-09-08,2025,100,588,24.4,25.736623136782992,-0.5004347828037926,-0.8361883539791997
2025-09-09,2025,101,589,23.7,25.729680174968042,-1.826586193064153,-0.2030939819038906
2025-09-10,2025,102,590,24.8,25.722727433597186,-0.7902335616736273,-0.13249387192355755
2025-09-11,2025,103,591,25.8,25.715765037668096,0.32077990466370065,-0.2365449423317969
2025-09-12,2025,104,592,23.9,25.70879312164274,-1.5718531315722772,-0.2369399900704643
2025-09-13,2025,105,593,23.3,25.70181183312092,-2.0163169582729887,-0.3854948748479323
2025-09-14,2025,106,594,24.8,25.694821335507548,-0.8524227019245241,-0.04239863358302287
2025-09-15,2025,107,595,25.7,25.687821810503227,0.4263353789586842,-0.4141571894619105
2025-09-16,2025,108,596,23.7,25.680813448594073,-1.5648209554703756,-0.41599249312369935
2025-09-17,2025,109,597,22.7,25.67379646167917,-2.9629525456937413,-0.01084391598542922
2025-09-18,2025,110,598,22.1,25.666771082597954,-3.471556125504934,-0.0952149570930203
2025-09-19,2025,111,599,19.4,25.659737547810334,-6.086335487490164,-0.17340206032017136
2025-09-20,2025,112,600,20.0,25.65269609765984,-5.906528934843489,0.2538328371836478
2025-09-21,2025,113,601,21.6,25.645646975908196,-5.1516393554512305,1.1059923795430358
2025-09-22,2025,114,602,21.3,25.638590402787838,-4.795682502242067,0.45709209945422913
2025-09-23,2025,115,603,22.7,25.63152654492941,-3.664481512682978,0.7329549677535674
2025-09-24,2025,116,604,22.0,25.624455526283153,-4.237603916856699,0.6131483905735458
2025-09-25,2025,117,605,22.5,25.617377423448673,-3.015947725192406,-0.10142969825626835
2025-09-26,2025,118,606,21.7,25.610292275758116,-3.7115376214375773,-0.1987546543205383
2025-09-27,2025,119,607,22.5,25.6032001211926,-3.3887166482276374,0.2855165270350355
2025-09-28,2025,120,608,20.0,25.59610100351196,-4.836876960230032,-0.7592240432819288
2025-09-29,2025,121,609,19.6,25.58899496151285,-5.594523025922205,-0.39447193559064075
2025-09-30,2025,122,610,19.8,25.58188206850547,-5.508453361638559,-0.27342870686691256
